Temperature,Humidity,Soil_Moisture,Light_Intensity,pH_Level,Pump_Status
25.61810178,49.25664644,357.0234102,705.4326948,6.643991757,0
34.2607146,67.09504737,348.1872794,817.0132575,7.110864659,0
30.97990913,83.64729179,743.7527483,325.4211089,7.02032186,0
28.97987726,76.61124432,349.7277199,662.3866896,5.807799809,0
22.34027961,80.32805739,363.1698357,614.5713848,5.798498939,0
22.33991781,72.93916834,655.6389575,849.5473391,6.036348735,0
20.87125418,74.61382823,469.8439055,915.4783544,6.222149453,0
32.99264219,82.45978258,666.0263342,110.9410943,6.316911163,0
29.01672518,52.48340044,239.2196945,706.6179272,6.859394434,0
30.62108867,64.47124818,492.5427162,146.6522192,5.613360864,0
20.30876741,51.06047209,220.1681601,593.9727986,5.569345408,0
34.54864778,89.3834004,237.5919221,358.8694561,6.283821126,0
32.48663961,87.20296698,743.862472,376.0989396,6.894327384,0
23.18508666,41.97134057,283.5472227,417.6626531,5.886870686,0
22.72737451,75.27875863,519.4524094,659.1632041,6.783008963,0
22.75106765,86.26241587,446.6573616,400.6449691,6.019656276,0
24.56363364,49.02876726,408.4059958,759.4291455,7.272172218,0
27.87134647,68.39726153,739.9000074,464.074647,7.291379889,0
26.47917528,85.77441488,213.0940381,161.5178803,6.094574409,0
24.3684371,41.69729893,598.2738117,805.3838582,5.959987508,0
29.17779342,74.87101336,778.0366605,357.1824921,6.322607944,0
22.09240791,54.86745037,536.1009101,489.4901916,5.98106317,0
24.38216973,86.21980977,762.0934772,716.8994949,6.844767687,0
25.49542765,88.55291226,231.3547276,399.2105414,7.152129369,0
26.84104976,87.21332446,451.2759914,150.9270905,6.846184262,0
31.77763942,63.71071083,356.0946746,436.5289423,7.148700894,0
22.99510673,83.10213255,638.492579,950.0037244,6.293984324,0
27.71351658,82.22746993,788.7782543,677.5609576,5.812633941,0
28.88621853,55.95502366,353.9180375,704.3312338,6.975901895,0
20.69675619,81.44577371,592.5047609,669.0539383,6.22094901,0
29.11317278,41.85038174,318.8585797,279.0929251,6.84254165,1
22.55786186,69.81349392,539.1981527,476.5004777,6.041287884,0
20.97577389,51.50044186,478.359492,775.8458185,5.66245927,0
34.23328306,46.02834429,783.2031978,191.2356078,7.485163591,0
34.4844805,43.84766008,565.1163636,350.0674985,5.812403016,0
32.12596022,74.81443879,409.7038233,348.6871976,7.476841988,0
24.56920654,56.99374819,268.4574709,488.8170348,7.454559865,0
21.46508171,76.23833858,290.7480972,982.3318668,7.087636208,0
30.2634954,43.26781704,335.190158,160.752292,6.818845924,1
26.60228741,55.76451689,350.5799968,566.8308949,6.655614101,0
21.83057352,66.97456462,710.3696347,261.4282138,7.232203091,0
27.42765365,79.53615824,536.733673,973.6088909,6.078879043,0
20.51582782,55.93762515,514.0345468,201.9731543,6.435362425,0
33.63980603,71.29456882,268.8613231,463.2409021,6.738779939,0
23.88169972,84.29888741,716.083816,764.0964864,6.322380952,0
29.93783427,70.79315941,633.6885819,734.0989852,6.354972908,0
24.67566614,51.64797374,240.6010171,480.4557732,6.160569335,0
27.80102032,41.22003908,624.7010583,411.8717512,6.628463633,0
28.20065419,83.5049437,526.1229304,457.8511407,7.201149056,0
22.77281683,41.06347054,249.0352074,337.8486368,5.903056756,0
34.54376942,83.73508363,474.9803849,284.7996448,7.368866078,0
31.62699235,66.4468567,490.8177723,534.7357278,6.878175307,0
34.09248412,86.95338493,299.4647241,341.6803805,7.146546425,0
33.42241026,79.93916179,767.4188882,358.7154984,6.612381385,0
28.96849968,89.89670553,709.9852229,691.0804571,7.059033403,0
33.82811353,57.53559077,601.4134024,971.6835985,5.532400795,0
21.32738753,78.35941445,477.3773366,643.2734805,7.13676085,0
22.93974294,60.09654568,447.059325,169.2815204,5.580277718,0
20.67840933,63.99378102,590.5840803,168.0252525,7.279826753,0
24.87995496,71.37527316,527.2591216,956.2808988,7.483925494,0
25.83015935,83.68385571,237.3638635,367.5617113,6.088134924,0
24.07023548,89.20417346,507.5015893,182.8602875,5.920637113,0
32.43106264,78.41367069,683.8421703,639.1401284,7.030726728,0
25.3512999,60.88833911,475.5439266,661.2839005,6.006052682,0
24.21401765,61.06785011,231.1739465,683.6543381,7.231124766,0
28.14044125,76.87911508,671.7669196,340.6618251,5.705685184,0
22.11386337,51.93885729,320.8182693,113.5996158,5.751910393,0
32.03295471,45.52370566,355.1725009,968.5138325,7.45830311,1
21.11825966,57.73110788,298.8238121,325.8037411,6.847677797,0
34.80330405,54.36194958,398.1290389,708.4236592,7.193774449,0
31.58367154,54.81540602,654.0509034,735.9668829,6.148658755,0
22.98073522,51.68038755,511.6315157,649.0066754,6.852967499,0
20.08283176,42.10465948,322.9287645,381.6166548,6.688483655,0
32.23192143,40.89369674,726.6980469,343.9866284,6.70630024,0
30.60286016,89.38611949,727.749113,637.9014544,6.865064919,0
30.93510752,61.38865669,722.347055,879.4860703,6.650718346,0
31.5690552,59.21633236,343.2777268,952.060356,6.358124739,0
21.11066978,73.98236413,470.7436065,195.315224,6.051845389,0
25.37698593,50.91269439,790.9937937,239.3457513,7.037162662,0
21.73803589,87.4980592,663.2074858,950.2626329,5.95254486,0
32.94655139,79.31725072,216.3004527,762.8817055,6.884708612,0
29.3494719,44.47055012,239.1227548,894.6944423,5.966665645,1
24.96347037,60.87903879,478.3588261,282.3693707,6.75066034,0
20.95337525,83.95591538,745.5321235,628.827284,6.994156534,0
24.66473483,87.23660111,523.2210788,731.025635,5.937427778,0
24.87774983,63.37007556,498.6875048,712.1006969,5.619886602,0
30.94409268,70.67056946,263.28422,467.3365218,5.761947486,0
29.56336207,48.3516973,594.0680628,113.8554025,6.711993935,0
33.30819114,89.55843131,693.2618964,624.6334511,7.198892812,0
27.08322388,51.58358507,428.2520045,327.7913853,5.589993642,0
21.79391369,87.13658871,665.3671106,505.2288215,6.968302518,0
30.69867181,72.48233245,778.6859923,961.8229136,6.182637292,0
31.41177573,70.38683974,322.2598755,459.1317859,6.45705674,0
28.41915796,65.63442555,513.9977787,855.821446,7.3577191,0
31.5645077,51.53349059,372.2827749,269.6865452,6.163943009,0
27.40693395,48.8264016,675.7126514,705.2144482,6.430673868,0
27.84099244,51.02431045,546.5560195,979.306259,5.52736483,0
26.41311528,49.32191311,580.7494505,191.7037908,5.66319744,0
20.3812869,78.97922368,678.7484958,107.487948,6.017183182,0
21.6183714,57.50626296,437.5822836,490.2245134,5.555704482,0
20.47143779,42.89213383,749.054041,183.3629347,6.762750652,0
29.54615617,88.45513151,519.8173203,773.5459147,6.352796714,0
24.71533972,84.18929425,294.7728937,923.0937975,6.596290405,0
27.62856037,86.38761416,617.5394709,490.6188754,5.849294372,0
33.61349711,89.74539113,675.9568103,332.8404779,6.091864059,0
23.73938344,48.69476246,390.0570062,490.9629871,6.82764895,0
26.15574385,59.81210095,714.3075542,751.1030361,7.430605447,0
31.33326708,77.91192379,743.6859529,108.1487454,5.600833547,0
23.43197248,74.8010309,366.1426924,630.5085905,7.280768642,0
21.15469865,47.69479532,790.1128836,651.9625164,6.653762403,0
24.34627179,80.79165625,284.4269168,673.9194222,6.627839134,0
22.41831931,51.22202859,321.209401,317.819872,6.50055707,0
33.94546479,51.19088074,310.5349035,742.647451,5.638788172,0
32.12180569,66.84872114,736.393826,182.2523377,5.679753703,0
29.50105635,69.64699674,592.5755314,279.3433028,6.701824011,0
33.07190885,69.00431039,291.2625699,889.723042,6.181917143,0
32.05508115,44.57434187,464.194051,764.8508357,7.334536133,0
22.79855088,83.87304313,569.178815,112.3709986,6.313181075,0
33.38838498,53.28000213,250.078451,323.5386343,5.786562917,0
28.09013363,46.47574606,729.449821,292.9658347,6.929437667,0
32.11160233,84.43740399,682.1621213,343.7256952,6.086706843,0
33.4413695,87.78257491,503.1240641,322.8037933,6.550940615,0
24.77005212,83.10638086,780.2759692,156.2736662,6.895665571,0
21.65077887,80.47580374,450.6565876,513.0464649,7.300528222,0
23.41902744,72.76209903,790.4661914,759.4601273,7.08438239,0
26.40661683,67.54286853,600.7519993,646.0585522,6.852722136,0
32.27022149,44.349338,580.802764,705.5845017,6.859266365,0
32.91095875,60.42266065,299.5729372,173.0342607,7.391849288,0
20.10428196,58.63442585,729.156655,956.3416392,6.091648195,0
27.66120954,52.98768919,456.4938128,854.6426505,5.502224188,0
26.26116505,76.17100568,297.3400435,824.5812866,6.043909119,0
23.33161716,64.79378675,207.564512,840.6854245,5.935782759,0
21.79798051,44.0523108,535.8534102,939.4394573,6.82366917,0
25.06422757,51.0091601,516.4397733,589.8285695,6.7674232,0
34.14364556,74.16293818,631.6121734,280.2538161,6.686922765,0
24.84804398,43.80654297,734.1548318,655.1052471,5.532486886,0
27.78185933,82.5603457,247.6439508,768.5933443,6.957556109,0
30.54528438,64.75732635,638.8978942,764.125654,6.147060825,0
25.45444404,64.02932887,312.4471665,569.3041218,6.830111978,0
34.57673124,69.62038923,714.9062319,161.6128474,6.613156857,0
34.43670942,81.2340483,691.4381083,434.0016446,6.185461851,0
23.77673444,57.3904604,524.476253,928.6899476,5.769152534,0
27.45872759,73.90080763,626.1456792,626.0040188,5.688837795,0
24.51317465,68.2865982,388.6100679,584.4987489,7.163036666,0
24.27260742,53.35141351,482.7007394,341.9681629,7.336795084,0
20.55330421,83.93149932,692.9821386,431.6040279,6.799576094,0
29.14346501,79.87130108,475.5591183,905.8114802,5.70686823,0
27.54018535,72.92259173,414.6789592,699.8167428,6.304054434,0
20.77218127,82.52908645,496.5274684,808.6483241,6.9578784,0
24.17969696,83.36471005,696.9495515,508.9108808,7.059641768,0
33.62398829,75.41814884,401.1248284,667.2224975,5.736437245,0
23.59342836,81.85066642,304.2569559,323.5452479,5.500061438,0
22.17342308,74.87357308,627.2084122,734.9147473,6.924274092,0
27.3417914,74.00703859,695.5869276,484.8412003,6.213192352,0
34.78475681,70.93056891,260.3824871,498.2909633,6.008962663,0
23.63082907,77.63583198,343.9244677,684.3900921,5.52579494,0
30.08203321,47.93025526,285.1831939,942.6525593,6.580598814,1
31.42429423,84.04353796,408.7648469,157.6057119,7.202301471,0
23.56456316,83.59217639,470.2105873,842.2689136,7.415263293,0
30.92324523,41.46236415,649.2958022,363.1447994,6.631489901,0
25.51674699,81.29083753,590.6885509,499.5275091,6.528922655,0
29.48458746,46.44349337,572.5571405,119.7219959,5.670112771,0
29.50294566,56.75594271,411.424968,370.9414701,6.597745603,0
28.03662026,77.17541281,704.8685319,552.3681184,6.259958158,0
21.35434655,48.0379948,482.7723004,150.5584696,6.714270562,0
32.52953743,80.89835121,787.4629628,541.9861564,6.277452696,0
24.81170097,81.6067089,580.485283,934.399566,5.980598247,0
22.79777766,65.37338669,275.7588449,194.8538963,5.68993055,0
20.61162712,40.31929359,605.7065372,787.9966553,6.129836889,0
28.86339415,54.35190666,395.0624093,468.703948,5.693289669,0
30.16346543,70.84634592,611.796318,689.6563431,5.853793902,0
20.24881743,89.0593089,241.7846889,334.2129382,7.474672317,0
27.68139587,71.59067635,304.9288623,243.5430363,6.388207114,0
23.39743663,52.99017905,713.4423553,244.4163528,6.563743533,0
29.67759186,71.70028515,336.3077342,163.4427511,7.247237057,0
22.61549644,66.99926899,702.2246751,267.0820344,7.491137801,0
30.36406607,78.99226976,367.5656531,697.7974465,6.665428899,0
25.80103019,45.34903194,585.729146,893.5215507,7.124947642,0
34.05094983,78.05139513,616.4903441,832.713117,6.153882049,0
22.06281416,67.06332893,507.5928519,716.6208789,6.111487915,0
25.11599527,88.14960019,383.186406,199.3886771,6.305407442,0
21.70210282,57.0936083,327.5866258,360.2687017,6.845014525,0
33.87040427,71.63109466,219.9136127,378.8261878,6.864383379,0
33.1600903,86.60140528,382.3678407,324.9612518,6.130478869,0
23.86912442,45.1254864,591.8976743,563.5050937,5.766419848,0
29.89976069,86.86142436,762.9828911,581.9984334,6.764792513,0
32.258333,74.39428612,722.7226894,421.1973777,5.756651724,0
28.32801217,43.39185296,659.6388659,418.4102429,6.656985016,0
27.94475868,55.04817835,673.068406,845.7000381,6.886844256,0
23.62778436,75.40860443,598.9909421,810.3635635,6.901222993,0
21.39654152,43.36753007,356.1721145,377.0162485,7.006944221,0
33.45823637,69.10852301,744.3170184,922.4095995,7.245718843,0
33.50627086,57.29415285,602.4393871,957.5335153,6.499917984,0
29.49652186,71.04577589,536.2643786,394.0682878,6.960498379,0
25.08544687,42.28710169,266.5936815,418.9824539,6.738345471,0
25.23814362,83.57684031,468.2333263,555.0707381,5.87327988,0
30.88933518,88.67444846,476.2149627,947.0087313,5.55137929,0
33.4566539,88.44389276,718.7381657,888.6874898,6.069082771,0
33.30629636,77.48259159,527.9889321,192.3111663,6.386067413,0
31.69813319,46.50431201,428.2403294,453.4576689,6.734211889,0
29.63047469,77.9131598,786.0801971,598.0340708,7.199918661,0
21.26209947,41.22934582,266.432356,552.8192253,5.892491433,0
22.42443071,41.10617758,453.529057,274.4767611,5.75109958,0
33.47831283,56.18051096,225.2148051,872.9350941,7.426959895,0
29.09643589,64.43215952,643.9424725,709.2467047,5.716089119,0
20.13795577,78.52037089,750.8459313,854.1175374,6.45698214,0
21.52207314,74.16476883,368.0223977,872.8878514,6.671127458,0
29.95252654,62.29513532,715.0050061,773.5202683,6.582748842,0
20.07592376,53.68133331,375.3309383,495.2895411,5.672064314,0
22.41212077,89.85622501,746.462097,649.4920795,5.614053828,0
28.23100684,61.30906511,652.3771422,244.3288655,5.710966855,0
30.37842797,62.56935122,682.9440661,706.2808757,6.671175368,0
29.77941889,48.18119106,210.8039334,261.3279302,6.588689775,1
23.36403964,79.74047744,777.6862142,724.5546315,5.967481584,0
30.68268832,74.68411129,636.0025952,306.6383447,6.775548284,0
23.55873631,51.03848064,382.8506572,205.7961701,7.140135004,0
24.88099547,44.11905228,697.6367989,248.7560411,5.58315792,0
31.19737108,74.0249651,368.912719,101.7929217,6.496259887,0
29.74449349,72.72556071,723.6523037,746.8656561,6.878620824,0
32.73835116,53.66297635,267.5482342,759.1609442,6.004623854,0
29.86419338,87.54317811,622.2115865,563.4400149,6.115541811,0
28.52462905,47.55289459,524.419086,245.2265209,6.727275806,0
21.40512152,61.61674005,257.9206821,175.1989038,7.295870587,0
25.51573705,87.18079601,345.136297,117.2160698,7.119848841,0
23.97803552,60.98636585,207.4424218,249.1733593,6.666260438,0
23.65984465,71.92629738,481.2607793,901.7699815,6.960443436,0
34.59515832,59.8797199,380.7591565,317.3831575,6.22964494,0
25.89646587,53.71076012,559.0144906,418.8441945,6.781931056,0
33.38069833,89.1988824,378.3426846,194.810936,6.432363182,0
29.46707939,60.46670032,379.9514669,300.1251743,5.879872273,0
31.92216955,84.70496018,645.9159192,567.3021137,6.903476548,0
27.5395564,51.49773029,228.8857016,646.9774148,6.612929275,0
28.65355827,50.6552352,741.7369971,320.8170827,6.217243164,0
27.38776541,41.55670414,711.3583246,151.9589433,7.32267838,0
22.92864482,72.58334127,600.6828099,451.9295822,5.541868236,0
30.83678173,58.42631719,555.9329421,310.7830338,6.131546302,0
24.21158544,83.21791249,735.3814989,297.5985309,5.613762796,0
20.3647395,63.66049533,311.1981077,963.8765224,7.033054632,0
29.68208444,88.4096714,247.3814973,654.6704373,6.904214908,0
22.65666019,49.27627579,343.7061019,601.1905989,6.162704437,0
34.10687877,83.4311584,676.7469672,474.1975932,6.851325804,0
34.30892866,78.82984264,220.80216,486.0499001,6.291874452,0
33.72296585,78.54609223,549.6841011,586.8145035,7.012507583,0
25.5523805,82.23916141,797.2625097,726.7868263,6.408367325,0
20.23184925,78.05119955,713.4176563,731.9314866,6.324559456,0
33.92477844,71.31101608,512.8674134,254.5245169,7.369459831,0
26.42276222,46.56224388,238.1845456,550.1014769,6.0017582,0
34.49982229,41.62630897,698.8241086,470.7622855,5.74089468,0
34.45429966,86.04239239,559.3871049,883.4742696,6.669086227,0
32.79514183,70.83251573,268.9597982,668.2770291,7.438643625,0
24.41673338,79.82686455,256.3143709,579.2536598,6.255678427,0
25.77646593,64.07611758,745.7760917,203.855178,5.624073527,0
32.76705007,45.86540945,601.5201578,645.0741004,6.178610535,0
24.75383008,46.25928961,697.5720796,205.4835151,6.511863309,0
22.5423912,74.27826436,727.3873402,403.485918,5.823846013,0
28.35201894,61.51529474,543.0634112,228.5577683,6.816204436,0
34.04232161,50.02623634,510.4678111,722.8662823,7.495498778,0
30.44044695,64.57972734,458.2564462,285.6269025,6.403478952,0
28.55091755,43.21044685,390.1679527,452.6734359,6.209457113,1
21.45764741,69.0985701,460.7575765,906.1072999,6.301408334,0
29.2251084,53.44967022,664.3277934,283.8847451,5.730292357,0
34.85080775,79.87795503,561.1540586,557.0245576,7.266547203,0
22.10126023,55.51809795,735.513974,477.344495,6.329651311,0
27.77494479,62.76100745,466.0280086,116.3116369,6.274548823,0
33.16059608,40.581027,564.2537472,813.4823022,6.819380546,0
31.11152927,43.62234439,578.7845319,162.1413157,6.384066842,0
30.45523611,59.62467782,555.0182974,526.8295189,6.796466938,0
30.53726126,63.99694174,621.5802639,604.6104654,5.62289258,0
25.39236727,70.00102741,342.460081,665.583811,7.127446687,0
24.40387766,54.58312894,507.4182665,719.7684664,7.381007906,0
32.14041733,74.74909431,262.5348817,327.9451452,6.797530772,0
32.15170092,83.00611986,430.7067966,108.980899,7.409131858,0
33.00608478,78.99254944,492.6002412,751.0992961,5.802864629,0
33.69860829,41.98094127,591.3345557,582.0909394,6.454832379,0
27.67013598,64.02534736,770.3186316,852.5059329,6.703613468,0
27.52274442,45.24650892,560.3906399,839.2495266,6.663473295,0
31.97442768,52.10225079,646.1563497,858.993551,6.302923558,0
29.74945896,89.33312966,503.7596357,536.585194,6.176168819,0
30.52950316,47.12477715,580.4624188,400.2655563,5.753648045,0
31.93689004,64.94440767,242.5593297,812.4023823,6.283484901,0
33.35008013,70.90778672,352.6349485,506.1647017,5.82532163,0
25.06992735,75.12324853,417.1118559,265.0979768,6.968731353,0
25.63374429,67.98243417,483.496013,869.4766176,5.917661871,0
21.4097291,40.48854237,227.3892473,894.3038891,5.617130611,0
28.67420211,56.32306541,284.0144585,519.6787805,6.604732276,0
20.53913411,65.88558217,366.0885847,168.1297546,6.690459465,0
26.98397027,44.39332496,782.9196145,449.0434809,7.243826123,0
28.13966952,57.53134656,398.8082043,823.1838935,6.653963225,0
24.29811878,41.66015544,489.2246349,911.5966257,6.190961707,0
28.86249891,43.92892486,317.6586276,283.1254682,7.106023763,1
20.45750375,59.84616381,566.4680426,160.2762508,6.580557786,0
20.56022283,46.6357877,368.4099293,889.6154078,5.658560569,0
32.33900841,68.37704241,324.1955471,450.4644451,6.631701121,0
25.40285962,74.47324846,509.9435771,587.5848678,7.316037091,0
21.90590769,80.02933496,203.3034795,971.2592308,6.292625251,0
27.8336489,50.00751221,204.5984196,159.9082551,6.092651604,0
31.5499033,48.37412911,331.4412855,683.4862067,5.786938914,1
23.23731541,45.22839202,222.0328175,166.6948803,5.802891044,0
29.34335714,71.82151248,264.8154525,437.9220356,6.365542969,0
21.28021197,75.32378632,403.3163896,823.4330907,6.691359648,0
20.77522582,41.57930724,681.5514077,490.1250095,5.66123081,0
27.97031947,86.81061231,543.229186,997.4641185,7.379137178,0
28.10952682,42.59856418,507.6006356,603.1533565,7.010267235,0
29.56144852,67.06481677,376.0932939,389.0459374,6.673247837,0
30.89137001,75.45302597,759.0522317,298.1001933,7.156877342,0
34.63778119,83.54845619,438.2090247,415.4684809,5.660373514,0
27.74450522,75.70434661,252.2556601,435.2799464,6.453677755,0
24.84434709,80.08640415,570.2399097,161.84231,6.760186254,0
31.92779292,56.97250963,268.3030361,432.6167795,7.157305812,0
24.06248377,80.74125569,407.1338857,517.8146678,7.06693912,0
26.58457131,44.00574232,504.4471632,750.463977,6.054138499,0
21.17684572,84.7408328,724.5335148,691.0565362,7.381760339,0
20.38026115,67.37961881,496.1279482,737.8890897,5.748691683,0
34.43972622,80.8648885,621.3552596,107.5273137,7.250267237,0
32.53970181,62.61591423,795.6901034,295.9006596,7.441880499,0
30.43961309,72.17888476,278.8934719,695.5158596,5.854307046,0
26.13429417,66.32013305,364.8389153,535.5904314,6.944132128,0
22.5994148,76.57947609,436.7456454,104.7821281,5.580571038,0
22.34655564,44.0814991,453.0969071,824.0451782,6.31084565,0
23.75364347,43.0176042,446.6126452,795.528616,6.532566598,0
28.23839997,52.3551617,744.5666015,593.5772467,6.661290452,0
30.71893884,47.97723401,628.4195867,159.8169932,7.371874496,0
29.90296065,83.58917833,564.7431285,789.8635446,6.844501375,0
24.19900845,50.96069937,385.6236307,625.342229,6.462555902,0
34.32297921,88.79326279,694.2742305,803.7639794,7.119350073,0
31.06845375,56.84478959,773.0363069,776.5722932,7.401065642,0
28.31531079,49.10589578,692.7189695,822.7018648,5.544132297,0
29.17581119,79.48492536,200.9390631,566.2072598,7.465042545,0
26.29400094,72.93538878,581.8408221,226.2920664,5.672264278,0
23.71596484,64.90978582,230.6812289,704.041726,7.128773559,0
25.33959018,67.76817755,354.5643322,658.4264065,6.060669505,0
31.36769166,75.96008891,235.7148202,768.0278685,5.764359316,0
20.21590233,51.42273707,562.2772718,252.8929054,6.379711279,0
21.74108961,89.8166958,611.9539481,275.4776799,6.787913159,0
20.69003963,88.73965811,268.6925828,901.3685655,6.26190369,0
20.61093203,72.51628432,430.3033298,774.9800186,5.609130817,0
32.83190876,49.97712255,473.7419054,917.4056398,6.698922279,0
30.55486789,74.01141212,421.4318131,782.843789,7.304806552,0
27.11260744,43.60992045,272.6150003,637.4397754,6.266430732,0
21.46751241,41.53262511,451.3686741,688.7194633,5.932665555,0
27.37423813,52.88414443,650.7068287,900.2151315,6.385154692,0
27.10207656,63.13114784,242.6045987,620.9260791,5.596725422,0
22.59802805,83.41362527,248.1080084,669.1521919,7.140975169,0
26.50777474,76.35845349,412.8627751,240.8290444,7.152681622,0
25.97757102,77.13532606,765.035427,526.5290981,6.676000927,0
29.23775147,61.27466672,601.143588,744.7574008,6.206205778,0
29.52640476,57.29674963,607.201974,343.8484285,7.099566729,0
20.67956015,58.55193815,417.1519945,282.0287625,6.60937405,0
25.61918922,89.38247819,556.1964747,382.4441274,7.151864617,0
29.38789874,42.00545957,206.0787104,317.3505652,6.762917585,1
27.54704388,83.35157481,581.6576278,293.4213733,7.068810946,0
32.84734762,68.93377043,747.9721685,482.3657586,6.697125986,0
29.88040447,61.93077096,567.544081,917.0546625,6.328282136,0
22.44401641,76.26288302,724.2191561,556.3536821,7.41589172,0
21.05853121,64.33344707,634.3838333,269.1283427,6.58222765,0
29.63628917,83.6711619,272.3350498,169.2745024,6.710179037,0
20.39766966,85.0350932,741.4719844,726.5405306,5.940975279,0
28.78663372,61.08604634,239.8663066,444.518888,6.751301579,0
34.10345362,53.84138986,520.3804835,839.6478519,6.643215299,0
28.63211267,69.61751643,285.2822743,693.5596918,5.869676796,0
25.82254889,85.61816728,207.0239664,816.6173055,5.619174195,0
29.64932328,50.53310945,453.2205561,344.7514355,6.708718639,0
26.87379336,71.14832918,377.0244246,723.1230302,7.027384539,0
28.18425184,71.578011,491.6002963,337.6557862,6.546802742,0
34.12197213,76.65565112,546.319932,945.1616315,5.953545251,0
25.79153957,46.57838426,226.2434434,672.7368534,6.833043953,0
34.41785846,75.79124823,273.8019771,392.0606202,5.660211453,0
33.58025963,85.45162603,535.1854379,342.5606761,6.38366741,0
22.93686702,48.98415544,405.9004119,271.8339266,5.826733517,0
21.04041951,51.87716625,637.5040925,725.176863,5.868918102,0
21.51167002,88.5697547,591.3749892,296.8440517,5.904587898,0
20.27332738,49.04884764,707.3626178,635.7729393,6.273414114,0
21.41664441,82.71925467,615.495696,338.1715242,5.602300411,0
30.2451016,64.61389282,457.9586464,695.7720503,6.295586882,0
21.06782973,52.36155372,603.7799734,833.4457557,6.523414894,0
24.78463445,83.53749506,365.2287046,800.2227188,6.46658857,0
32.67312966,62.26526275,383.7880993,784.7661978,6.265568201,0
20.34907904,65.7408677,673.391096,268.9501651,7.178293216,0
32.21702724,57.96166847,467.8517098,179.5464523,5.790653385,0
24.22782162,69.64754257,679.0282043,729.0539456,6.511393488,0
21.77247241,48.17619363,693.4534242,431.5124924,5.624082834,0
30.45105748,59.55407683,714.5374026,489.1116038,5.642311358,0
29.4341427,88.47061612,749.9811415,128.0341835,6.647731699,0
33.1620802,52.90667164,458.5911323,333.6188043,6.63203685,0
31.02606566,72.83683323,391.320091,130.3087635,7.256067026,0
32.05221396,56.25950321,549.319248,891.2671953,6.615747351,0
24.23051859,78.67365628,422.7034541,319.0570149,7.419582041,0
22.66159316,46.54368304,560.6445001,601.6034526,5.597389697,0
31.25922127,88.49105225,623.3515176,135.0813886,5.69601537,0
32.10252109,62.68947707,613.0430111,700.1626522,5.588131723,0
34.85757713,51.80252317,424.7317322,390.7246112,5.870553701,0
26.18926515,43.67483737,300.116121,908.1272683,6.582540222,0
25.58027129,48.48789525,458.3176031,899.30637,6.791144363,0
31.64619441,65.98869743,285.5564864,392.7615565,5.591170316,0
25.1120531,56.85015882,734.0582211,910.8648061,7.39194178,0
33.96135988,81.44416829,407.5264764,996.5419061,7.184330753,0
32.87619128,61.54437618,292.6758483,842.8740977,6.093224964,0
26.43491041,52.43571363,215.2686559,860.384213,5.65437506,0
31.26306602,70.85724933,587.4934318,324.1078625,5.839774146,0
31.31814311,75.33886084,582.1413905,619.032159,5.753888828,0
21.54685803,48.3520954,404.3624999,160.5303226,5.746567559,0
33.5382936,48.38096081,243.0271333,185.4261431,6.537123377,1
27.57878559,41.83357135,445.7773369,999.0033508,5.991694885,0
32.39686199,76.82010075,386.730497,393.9753245,6.216279433,0
24.80074402,73.19022638,606.2723838,773.3655208,7.479010667,0
33.43284843,63.73154379,563.4675497,825.9985477,6.868628498,0
25.83802518,82.20852245,418.7562369,872.2209439,7.397961334,0
20.16256477,80.28350765,330.7355326,997.8654677,5.78511311,0
33.58072965,69.26771822,792.8215797,317.3468367,6.26427895,0
21.36930015,83.41356403,472.4009727,136.3157442,6.609463607,0
24.78970456,50.2920605,612.9645415,470.0723662,5.653516124,0
34.25092951,45.59598097,284.3317805,217.0726028,5.508374887,1
34.2591072,53.48748058,491.3538198,120.1833002,6.840868668,0
28.60156832,42.8543428,216.5220319,424.3841444,6.783639034,1
29.47755818,66.5584764,503.2730707,805.364426,6.32157762,0
26.72668283,86.83028461,778.4104443,609.5626221,6.479288152,0
24.39816158,41.96717703,430.5240278,381.5001903,6.330886001,0
24.92996818,46.1054957,223.3976075,688.9078049,5.54801009,0
30.08777684,62.60995141,218.5734746,308.8163623,6.170743212,0
31.28561794,86.69375088,432.792056,112.9433015,5.854164511,0
31.87368566,55.80780525,296.0149619,787.9180478,5.696848378,0
31.84427214,65.36174043,214.0112578,661.3687764,7.413440868,0
21.36809155,42.07864295,653.7281684,786.0723621,6.69871945,0
27.41630457,47.41716005,475.1138053,135.044215,6.957312568,0
20.8633814,89.33150615,373.5468632,853.407665,6.130727487,0
28.24293323,88.25593482,740.0499098,657.57358,6.286294259,0
26.62295752,40.24699905,269.6833761,607.0558156,5.973847988,0
33.31556274,87.59058927,773.5512974,662.1526433,5.693931342,0
25.26372519,71.95599689,388.3800304,877.9899222,5.858063275,0
21.75600525,83.39591473,733.0422034,628.2428559,7.095028091,0
22.14487523,62.73699278,561.7657259,622.8553419,6.85509161,0
31.42265948,65.77980143,696.0244158,991.6112414,6.593857752,0
29.27327095,64.44232901,790.4078979,781.0571504,6.450179746,0
21.51684014,73.34321288,373.0432627,498.0644249,7.344868567,0
21.26160209,46.98256274,776.6812912,736.6573,5.645469896,0
30.51453697,41.49867949,433.6891369,450.3074245,6.061201626,0
21.0914451,55.39649708,431.3071428,305.9879162,6.199875707,0
32.32790089,75.23403814,404.2322626,637.1666892,7.064851624,0
30.59363341,50.09267261,524.8445644,935.3638883,7.48502924,0
21.22023171,73.67162167,292.4870259,936.225568,5.98134103,0
21.27256571,88.49560231,532.2268912,407.7147503,7.248614668,0
34.79959368,44.69503579,525.0228874,574.9097196,7.161245521,0
25.61406194,73.63010591,657.1410876,290.4723087,5.949314795,0
25.55963221,62.18751097,700.1899772,996.0679985,6.29866516,0
32.19199351,83.40711272,464.2648102,983.0061171,6.319345739,0
34.20872866,48.85748947,381.3999496,684.5580367,7.456441337,1
34.79001596,74.63129761,355.6009384,823.9726537,5.861783803,0
31.30067278,81.90576448,316.774302,743.5901452,7.098315942,0
25.64389378,87.23071097,234.5885493,633.8423971,6.168385428,0
21.25251075,74.16240141,405.4687873,148.0131973,6.961740692,0
31.65720374,64.8587382,362.1486153,509.2879083,6.340022009,0
28.37606375,70.89236201,779.8504315,707.307672,6.656719526,0
26.36333014,83.44524922,534.6252958,709.7784525,7.165223547,0
33.59531578,68.53048733,408.3662234,435.8103566,7.10833113,0
21.66796223,41.51935298,548.2805606,947.522788,7.232846367,0
27.38937656,86.54743478,283.5180208,250.621329,5.619234651,0
20.17030467,74.47633755,466.4262495,550.3235016,6.884101106,0
27.02990963,73.82566929,575.7405929,721.7955789,5.779974753,0
20.84454914,50.78375762,493.3386991,727.4222253,6.331637136,0
21.78226874,72.94427351,441.0672804,683.7750611,6.59717683,0
21.7628937,59.69322028,796.3090333,347.7593921,6.305478969,0
29.73815453,72.56164885,728.1888573,240.5859118,6.539223352,0
31.19067319,45.32965152,574.0435749,672.3462941,7.493052618,0
28.75053148,72.89226523,541.6264167,639.3719045,5.770434627,0
34.43258823,89.97068629,572.3962879,261.4204093,6.850912091,0
25.62305869,42.41060194,320.7872647,734.625231,6.292001933,0
24.28568129,88.85870921,437.082646,509.6547926,5.766019598,0
33.02898692,60.34539804,223.6757197,700.9845324,5.817473527,0
23.35393758,83.53767252,485.3276225,853.6303718,7.398546212,0
34.44833809,79.1192742,525.8147504,252.7555857,7.259202993,0
20.18231712,68.35081305,336.6498417,117.2303812,7.314083921,0
34.5481824,76.92246046,778.4173083,801.1923278,7.483065552,0
20.64739868,83.92577807,745.6727666,648.7276826,5.91663078,0
33.36714671,60.20701608,633.2859413,729.6756127,6.210878675,0
27.91551664,56.35165808,520.0319773,854.3394775,6.83843806,0
34.89447194,73.37966928,721.9814958,822.5298413,6.46760508,0
21.10694847,80.3922971,278.3914063,964.8281322,6.336779067,0
28.30781427,78.11425674,674.3058766,582.341571,6.215622499,0
34.53953803,79.89068244,274.8924884,539.6460694,6.687561264,0
27.84646766,61.77916574,676.5263975,461.6984799,6.651186857,0
29.44097957,80.89171081,365.460541,238.3219386,5.822915668,0
30.43623033,46.01045277,726.2543486,615.3465096,6.443479675,0
26.81811597,67.2244549,766.4252563,349.3112719,6.606943552,0
29.4133712,40.28793302,289.2775816,929.176761,6.640573877,1
28.76471468,56.2292915,477.605363,624.8717238,5.920214386,0
33.51737016,58.32307674,788.5924269,633.5561625,6.984542785,0
20.68169571,59.80863458,490.0444616,419.4321948,5.55039819,0
24.21444784,74.77336033,718.1285135,146.7904168,6.209663711,0
34.25617226,59.42790506,553.2389133,128.5693888,7.060425297,0
33.35395676,62.43468113,425.1979448,481.0016297,6.627785842,0
26.83485129,51.87720654,371.4701333,176.1088403,6.022324865,0
29.30198897,58.66258958,321.9338547,646.16226,6.889906239,0
24.16071774,51.36348136,657.0789148,892.8757051,6.634781888,0
22.8218174,43.65979619,431.9243041,894.6233349,7.092487219,0
26.95547607,70.17242967,506.7652773,693.1408691,6.970050372,0
25.30028342,73.41063993,495.395288,290.1086483,6.720215844,0
28.75484168,70.9745173,546.3674175,876.6971482,6.476355351,0
21.16601955,63.17470219,719.3462874,897.4840918,5.766364251,0
34.61592211,58.98928901,788.4436062,276.9882265,6.022666036,0
34.79316117,83.16668248,444.5505251,763.6834772,6.338198946,0
30.47242571,65.95408926,696.5113533,357.867594,6.698598574,0
28.0414455,63.95909388,658.7166768,822.3762811,6.52741571,0
24.64291424,41.28210329,544.1173709,997.5141099,6.076369052,0
32.2069253,57.06239138,773.6282862,127.0234048,5.512928716,0
30.27096759,59.00978094,320.2847093,907.6292792,6.492478444,0
22.43925409,59.94113904,265.5585262,660.3674802,6.071251977,0
33.66390777,69.00861846,712.3771802,976.0443572,6.969216601,0
32.33805864,66.68012734,463.48989,518.5085658,5.547892531,0
34.2469987,70.39525464,708.1813125,862.6491375,6.669655623,0
30.88579263,78.24416308,735.8541231,156.1546617,7.382948475,0
29.20122794,80.64928694,237.4745562,401.7511451,5.848818534,0
26.27364554,75.90615381,730.0788578,160.314884,6.443298982,0
33.99092725,87.7761848,468.9914332,977.8088201,5.682843984,0
32.99095834,40.91162913,506.2594934,835.2765165,6.751363825,0
20.67828005,49.78889928,575.9555067,867.2926791,6.601063361,0
20.39550462,40.37814375,755.829564,944.1687083,6.314731048,0
25.6469505,72.37373571,211.4696567,176.5931375,6.542754043,0
32.15829996,84.90152745,486.106081,447.0378333,7.293149317,0
34.80914194,52.17411483,612.6332255,163.9314001,5.892588605,0
22.25625337,86.35172724,633.6241746,289.7137914,5.545129023,0
28.91196073,43.01336951,615.5194589,306.4291993,7.223329769,0
25.71336285,86.72180134,280.6610776,522.1964899,6.654234165,0
34.54871597,57.58113436,379.637353,341.7059507,7.281316911,0
32.63178385,45.07104142,415.2293153,190.8802961,6.693890447,0
32.57493057,64.29358796,682.6623246,250.7419802,7.12032218,0
27.0303974,52.83882839,367.2559234,232.5480072,6.359346727,0
26.22229254,54.2436451,326.4229783,975.7691181,6.999719863,0
24.10110608,55.36449825,774.4688114,783.3632562,7.326082934,0
20.84563245,80.15129489,205.3179711,970.9853187,6.644245927,0
32.97083564,66.95806383,798.6925134,495.7664379,5.861570301,0
32.19351514,55.56538496,606.0927793,350.5316335,6.03759523,0
34.9957651,70.51668917,697.0815797,818.4638775,5.897289154,0
34.94955256,75.80753371,376.7716378,393.6285262,5.993714055,0
28.33147558,53.63120004,208.5891666,369.4450363,6.112830899,0
31.53481123,60.67745508,642.7217111,309.255393,6.610267574,0
34.17148595,46.09430467,700.4867582,216.7110804,6.675983259,0
32.74471086,49.05746748,644.2856792,330.8167549,6.352999494,0
23.71022153,74.0558927,285.7101724,419.7877736,6.73084156,0
26.75816203,49.07191738,652.0567534,706.5947873,5.663149851,0
21.93739123,66.25816918,661.3536693,156.308358,5.675576474,0
34.31076541,75.45231309,595.1243094,289.4562457,5.843658921,0
29.09261952,45.34384615,659.6695597,828.1212763,6.536154996,0
23.42964208,68.36561098,707.5528638,232.2297312,5.927989357,0
30.07551027,52.82813919,568.1624685,408.3806319,6.066568807,0
29.27192361,88.14634376,253.1628284,878.1930297,6.300625672,0
25.37244077,64.17728234,492.5766858,239.43278,7.123732248,0
21.70336388,80.29962749,246.5896008,174.4631521,5.527724272,0
30.07359793,67.51132711,444.5258186,536.0841956,6.79875764,0
27.80461551,42.17062664,444.2638935,372.1775602,6.837753062,0
31.58477588,71.65756878,239.6059065,607.067528,7.097311561,0
27.80245252,87.57016711,409.2923204,823.4244014,7.365505878,0
32.7827225,70.08059101,266.5988593,223.4336393,5.540275698,0
28.27860258,80.95944297,684.941126,622.6291761,5.807567411,0
28.41406957,84.21032317,768.6128156,554.9578844,7.272342588,0
33.14980404,51.4039886,243.3898852,229.6709074,6.417037124,0
26.05224299,50.602242,773.0691244,661.598637,6.629181278,0
22.01022843,70.54904944,513.5459596,346.2763761,6.826054407,0
20.43174014,60.55142349,379.7394068,539.0508867,6.858133209,0
31.32705884,81.99306514,246.1172452,174.0450918,7.363480807,0
29.30464327,85.00115617,500.3745608,513.6256515,7.493898835,0
30.56119652,57.67106897,676.7093267,375.8171212,6.940314922,0
23.19446242,51.84352795,624.2518864,840.1430901,6.074442418,0
22.04557213,79.02627576,230.1356069,151.2808543,7.259504805,0
20.21816999,53.74030178,243.7411012,476.7465474,5.598441829,0
25.25881338,81.13071593,441.7239696,512.5882817,5.962161706,0
28.8487653,61.18691268,377.1742964,752.5054687,7.294771435,0
25.88366068,73.37749496,339.4305938,616.8588176,6.012383029,0
26.56212383,44.77676569,368.6026993,700.4911035,5.941302119,0
33.56238042,71.19296623,682.089646,799.3443571,5.776250586,0
25.22383201,62.58838394,757.5368322,875.9826763,7.218223515,0
27.70984234,69.33042316,443.0616167,382.4879471,6.500116518,0
31.75479519,48.40071039,743.6666013,584.2204348,6.849786406,0
25.94814173,76.84368725,392.8974207,856.0972706,5.978132768,0
29.3313005,83.13985388,485.8621918,990.5060179,7.016080842,0
32.93545563,50.83699,335.6173987,900.5673799,7.02001109,0
34.24280935,44.78572778,584.2856253,434.3205364,6.12519605,0
22.20610221,41.1819293,787.3886691,275.6498655,6.321365266,0
33.89881438,72.09857502,562.0958576,540.4532837,5.919380555,0
27.3817444,70.3547018,414.6884505,767.4773067,7.453122047,0
23.87366582,67.33487064,588.6904676,543.3121637,6.791205154,0
26.88703634,51.59735481,273.7524071,534.862777,7.369087761,0
34.70048863,59.5452998,733.1954482,854.407379,6.106771087,0
27.38927141,69.72381676,501.8503705,425.2634012,7.063781826,0
24.93127415,64.83834294,469.6098452,873.8152073,7.031717288,0
29.50101281,89.38927601,551.5188731,466.1243209,6.883311304,0
23.60218428,46.82198763,574.8703177,395.4097951,7.431277951,0
21.13794992,74.7572277,243.0654837,508.5909201,6.287110672,0
21.93319583,60.21593841,609.5703327,786.2022628,5.761434647,0
21.92068758,61.40998075,345.1590082,213.4018251,6.843417718,0
22.2785404,75.87988828,628.3715795,276.7772943,6.958619601,0
22.08240759,74.62180757,693.5208766,956.3003431,6.650121147,0
29.61312117,89.56279969,682.3751045,257.9424646,5.913635786,0
22.72820127,46.41971447,531.5005804,610.9545861,6.508911883,0
25.18500925,45.20548247,512.1019354,621.38302,6.124379473,0
33.45182615,76.21694086,285.7255768,540.6620158,6.354933056,0
27.1094246,68.91934585,665.2076902,680.2707237,6.790437152,0
30.01336608,53.70803333,362.8456283,306.8440532,6.990429485,0
22.58479807,43.97096845,498.0172537,597.396041,5.964449382,0
22.88433528,44.28291248,370.5644558,434.9559297,6.310650721,0
20.61302924,84.70954373,280.2970178,695.5005337,6.038323142,0
22.53402595,49.59336624,577.7346181,227.101189,5.897263228,0
24.17885509,56.16857811,232.5992209,613.7896752,7.06677444,0
22.65515726,51.33282011,649.1871405,266.7433198,7.318505389,0
21.33053801,57.74981529,390.5520772,350.7787568,6.240464371,0
21.80953807,43.47119214,200.0808158,296.8388203,7.002557849,0
26.91168152,65.95298955,506.6774835,264.5540019,7.293990579,0
23.09500578,43.38062818,228.1111451,843.1398564,7.192248421,0
25.46404792,80.01782539,365.7017347,357.1368109,5.865626777,0
27.55125906,51.6856041,624.1858925,934.4114037,7.412583763,0
30.35592243,67.00059573,237.613773,972.9338728,6.253352881,0
20.5896821,84.00395438,703.6030954,614.1344229,6.178481322,0
31.99115598,72.54386845,202.2919536,228.7010104,5.624862655,0
29.41850584,66.64788933,348.0943215,437.093419,6.472347308,0
21.22638548,56.21668766,644.5424337,817.959037,5.718027231,0
33.10367936,56.65009565,389.7620898,430.6516558,5.997079642,0
33.81308601,73.47434776,261.1354328,178.3154965,6.133885244,0
20.9161694,89.70696806,416.1403513,601.1064198,7.117652647,0
24.15316472,73.09195949,362.2359718,860.6087663,7.250977301,0
32.0930192,67.88917087,705.6271413,816.3337484,6.104932635,0
31.22389536,76.53252551,388.0087506,257.6108261,7.217396242,0
22.76781529,63.26028061,673.3594831,705.488153,7.214461875,0
23.14023985,43.00711713,735.1232869,298.4538371,7.029301901,0
25.55708154,68.11484079,460.2904517,296.3867811,5.793390228,0
27.26784478,87.88126423,745.9658863,886.664596,6.880645694,0
29.27382157,48.76514712,426.3908324,324.7020575,7.390048129,0
25.53370459,74.50024454,778.4470499,336.9226119,6.865080958,0
26.93802074,50.04668443,253.5737147,100.5880517,6.163233698,0
31.21206407,66.79138422,612.2115599,883.6021307,6.501158635,0
20.55024804,44.83382248,496.2884243,813.3353319,6.791450087,0
23.78655417,62.51854681,432.5892833,664.5960416,6.521140817,0
30.70024379,77.80816644,579.6271272,775.2391875,5.739905883,0
33.42810257,57.37857621,622.314255,236.8437107,6.124128089,0
27.67516163,73.24558622,202.6179618,512.4912351,7.104792061,0
27.98170228,79.77249804,300.1718532,416.0974486,7.222836092,0
21.60758017,86.35889097,627.8276304,184.3988736,5.774600065,0
26.7111855,51.73210409,599.8312481,537.5174367,7.404773505,0
27.989259,59.96579579,779.6285031,928.6656853,6.157645236,0
23.63705755,47.62080067,656.6226742,136.0532071,6.824627477,0
24.03864846,89.62417511,770.4636246,362.3148221,7.003650292,0
25.65926245,86.3500484,621.5243009,286.7868426,7.123892469,0
20.30106797,66.99785651,378.8313252,314.3319883,7.391499404,0
24.83118748,82.10166472,263.2189534,917.5910967,6.125839096,0
23.1717201,66.04789886,669.094318,521.2621488,7.217012909,0
24.91246028,71.1792844,586.4895329,519.6694716,5.763373807,0
21.79643198,44.45622161,228.9116074,784.5180782,6.910081813,0
33.35790921,77.76352102,416.0302795,239.0429836,6.983955459,0
28.9038868,46.38567418,774.0798893,538.5388187,6.855446482,0
30.18653479,81.30338151,500.2406874,486.9866927,6.004629472,0
31.83756858,79.10140438,459.6374816,637.2196215,7.246086294,0
27.47663298,75.43723489,474.6197631,999.6019329,5.837716927,0
21.30380432,41.80801903,325.3296344,792.5040047,5.607269583,0
28.05659813,55.1564178,421.2243025,458.0791327,6.934929981,0
28.80261677,53.1556285,421.8879536,844.797747,6.45095143,0
31.18159211,58.00682037,231.4130121,253.637527,7.19819604,0
26.47489319,44.38213734,660.5405771,127.4173177,6.266794282,0
21.91370454,86.84789115,449.9026591,284.0035352,5.836557177,0
24.25663859,67.69011204,693.3079321,406.3704005,7.172884385,0
25.44623445,55.27621553,710.2088007,559.5226817,6.597819263,0
29.68875862,59.84907585,327.1964328,653.6162265,5.878391585,0
28.56167457,62.36012703,594.4120893,919.5451455,6.940767997,0
25.34145089,70.02971667,483.3690825,558.8686086,6.522227277,0
34.79772873,65.78397138,728.0940428,551.1480802,6.708625964,0
29.08662229,85.96959866,329.4444075,145.2187088,6.421796676,0
23.55840188,64.84817415,606.6879202,131.4203974,7.157417968,0
21.52673709,89.60790074,564.6512734,596.0439657,7.159125431,0
22.29288709,82.57124789,377.1808865,494.3607519,6.918777644,0
23.68936593,50.42552572,281.9605422,855.2623555,5.710802755,0
22.4102206,86.52976073,590.9838563,244.6116262,7.177707724,0
22.79850536,45.81831989,643.1584749,122.4744959,6.842025961,0
24.27642753,80.87248542,389.3764063,504.1348911,6.894048332,0
22.60060393,59.03116467,586.8995624,313.7307011,6.225965681,0
33.45148137,83.89871602,437.0785446,144.652936,7.258559112,0
21.20350618,83.40283451,627.92413,752.1384582,6.9507432,0
27.86767084,80.29627001,319.5291649,200.4337,5.725180933,0
26.1559524,79.50152182,734.1290016,647.48755,6.315556069,0
34.73567925,55.23395695,372.4457579,352.9447752,7.272760724,0
21.68058353,44.04596415,420.6715927,256.1464453,5.594393403,0
25.96783399,60.14900894,234.8551712,441.7763706,7.422833239,0
34.5420565,48.67622575,266.9073274,821.3011986,6.858325137,1
32.98260689,74.74755445,509.5171416,452.8842192,6.762751955,0
32.25608106,57.30498633,360.555606,775.6926843,6.041118513,0
23.86854241,88.78051004,701.2881354,212.9376671,5.997583577,0
22.56331381,72.04860387,208.8160332,795.4942777,7.384116439,0
30.0296483,81.12402818,427.4564292,313.2399924,6.096544908,0
33.94063984,46.62623364,402.4073281,709.6538169,7.051010593,0
28.3514434,83.10072411,211.5965786,609.2033994,6.286243596,0
28.57419034,86.13785953,274.6210394,936.2302455,5.778508142,0
24.1996864,64.35309594,448.185605,448.5902662,5.521430595,0
31.542394,70.31264689,495.7187507,159.54867,6.588514674,0
22.80565623,78.24049005,442.5738484,117.239937,7.451557637,0
24.85518855,48.74193136,518.562607,844.1727049,6.238272388,0
26.38154658,65.12830382,557.0790049,572.2620739,6.214384668,0
27.61415568,59.93315139,205.9542927,797.7196467,6.188183236,0
23.63614599,47.31869961,478.4570957,310.98304,6.541087675,0
21.72255237,58.37672111,778.0995445,410.575371,6.381329767,0
29.15930064,43.40861547,511.4193681,127.093485,7.259829253,0
24.3294583,41.29059535,606.5253605,965.3430921,6.511041583,0
28.71857332,46.75831446,387.1183148,701.081116,6.515515676,1
22.31544073,88.15575558,664.3948269,939.884579,5.776743189,0
27.21710153,67.47647679,663.7528891,338.9467667,7.465479082,0
27.98884149,88.29110806,512.7776286,650.3172501,5.999945782,0
20.77735305,61.62489392,785.608294,710.6499715,5.646728135,0
25.04906417,55.59080665,275.3301289,385.7947302,6.826292498,0
22.01622015,65.30709314,210.1685989,863.2983115,6.69073274,0
20.95062456,61.97558443,662.0949271,952.4453166,6.330291308,0
34.84940349,45.28323421,684.2933224,896.3696059,6.344384468,0
24.83530767,72.04131573,272.1243375,765.1602783,7.070127842,0
32.14811669,50.80190913,359.3496998,349.7182118,5.89142528,0
23.81960982,70.97939774,210.531418,353.4544379,7.140506638,0
30.22254083,72.51005462,375.9851665,967.0242884,6.797494228,0
31.4034179,47.60124266,663.8851244,109.2560463,6.337939548,0
28.93458111,43.06748136,510.7763166,744.4449759,6.416057233,0
27.07364283,79.0380793,408.8573559,735.6215463,6.013294414,0
26.17761371,62.99002119,423.0435769,660.4205869,7.004228665,0
25.233024,42.90818978,200.8121754,991.0979615,6.525749485,0
33.94293716,89.74331586,379.8803165,380.6914922,6.141709085,0
32.45929112,42.88902805,587.875245,405.9746774,6.692100232,0
34.47540366,74.75176144,784.5166663,171.0454627,7.491468904,0
21.86445835,89.18394626,708.2364962,498.5183229,6.370524559,0
30.96301213,51.95900521,214.1569788,334.9436736,7.341382802,0
34.07510685,47.11246843,739.1363628,409.048032,6.19003368,0
22.71849599,46.06924697,669.919048,851.1146112,5.609465414,0
20.99744401,55.16375738,668.2256741,941.9360622,5.908484213,0
31.11680974,45.05229055,474.7974554,267.1597648,6.337390287,0
28.6170967,74.60806708,438.8031758,435.2580384,5.939269857,0
32.62743165,43.11458991,381.7494373,935.7675059,5.500454076,1
22.09658565,65.47110641,239.4169154,155.6276146,7.330003075,0
31.92900968,89.83484269,336.9412181,183.1244753,7.187758822,0
23.0244098,80.69851348,347.962181,246.5118903,6.984584463,0
22.45483914,70.76097191,490.4462418,635.6915507,5.835629191,0
22.46398697,55.31268104,648.466644,235.4250439,5.740727152,0
32.2186208,71.19479181,484.285897,971.2687433,5.635209499,0
29.97795831,66.3520732,234.7066697,502.0430745,6.948058378,0
27.84598137,61.30416919,774.6738806,551.3661643,7.357615921,0
25.38245726,46.53551884,765.6345915,321.9927542,6.361071642,0
33.15800811,84.33021076,671.1137259,523.8642272,5.738281344,0
25.88667661,62.48923244,794.7967409,695.7222694,6.524785641,0
32.24899159,49.73112559,526.6893997,776.0594233,6.197663815,0
26.58702363,58.38796754,777.6610102,778.4812744,6.249649849,0
25.65416644,60.70648763,245.3630244,620.1020014,6.742661248,0
26.94019679,81.37689478,419.408449,913.9237975,6.937436227,0
24.52066811,76.68071903,335.2287608,835.6670626,5.721207198,0
31.2141407,78.46524468,317.4998505,781.3433032,5.571180462,0
27.54080585,40.55156322,284.4817693,150.0449695,7.488660605,0
23.48319043,60.80769991,573.4481849,106.190166,5.965456698,0
33.4936186,64.06720758,668.7931134,291.2025495,5.60766105,0
25.75836832,40.95961384,546.9790397,697.1712345,5.879750658,0
28.15329292,52.99066044,288.1776258,470.07774,5.577915693,0
33.59708166,78.01449116,686.674262,462.1656334,6.283621789,0
29.36356994,46.85548529,581.5728243,896.1281994,7.104803569,0
21.75347061,66.76550657,432.8994237,906.0065633,6.1824889,0
34.09748185,50.7600936,604.4781773,918.2577376,6.388366814,0
29.4156208,40.60603873,355.9429875,382.4902689,6.851173547,1
25.02358422,52.06007288,407.1153251,721.9502315,6.51778814,0
22.08908109,88.79368775,750.4915059,344.4698631,7.222891372,0
31.91037784,80.07685559,374.3027034,271.5488498,7.23207135,0
29.30109134,87.97883222,481.9929609,266.1692116,5.519821391,0
28.00191638,64.3927022,734.0846824,407.8968588,7.056092613,0
33.40838875,45.48680993,624.6328102,486.9618578,6.4214672,0
31.82895817,67.39797445,237.3219357,847.8542539,7.477681083,0
22.2751232,62.71886673,288.3818266,207.9019841,6.466464152,0
24.67583102,82.21785414,204.7049545,761.4332627,7.473791891,0
23.7273371,44.90412904,578.5530741,578.3094228,7.009138722,0
31.15919439,64.41205685,468.6040552,359.1508084,5.997209769,0
20.50298652,47.50243323,280.5649105,543.5376261,6.576789959,0
28.54834527,56.23379634,774.7604726,369.9478628,7.484271279,0
31.43688029,76.86785387,517.7958344,636.4737597,7.215061216,0
33.15148455,63.80090647,345.1359765,490.4595306,5.694733788,0
25.13122623,58.79441426,500.3621427,247.9649762,6.912743994,0
32.31885957,59.72381393,607.7721996,204.9247671,6.191159172,0
21.65947605,62.97233842,245.7435308,592.0261139,5.513964524,0
32.69678438,79.25082719,364.822289,912.17173,6.306961938,0
21.91232993,84.60423445,684.1792945,409.5619179,5.969508843,0
25.95930936,87.76673433,475.7989222,759.7000965,7.137738541,0
31.95943049,79.34516931,527.9462852,692.7952194,6.174661218,0
22.24876141,55.77034479,459.6896013,938.3994229,7.155047388,0
23.43877093,74.4067353,226.3399656,838.8829156,5.501195878,0
30.83378853,61.8801562,299.4498679,609.944733,6.1156383,0
30.80054805,52.7335311,467.3249832,691.3274484,5.982330429,0
29.61721449,82.04357897,325.5112792,908.5478199,5.967134722,0
30.40922667,41.92131745,229.9874172,459.5669061,5.63637324,1
28.14086665,85.08809961,706.1897984,394.1152353,5.874248541,0
23.77698588,63.07387323,788.7155175,109.7299753,6.61109914,0
25.1854399,71.86007384,675.8857244,843.8959668,6.082722146,0
22.72396575,72.96769611,712.270953,820.8826304,6.334789565,0
33.62675842,84.75588704,345.1862782,194.0090663,6.253733761,0
28.75087692,71.83348411,776.3761853,619.171643,7.25180985,0
26.01277125,70.69667924,318.1554227,517.5835284,7.310597998,0
26.93008705,43.33260203,770.8578862,206.838186,6.485913943,0
34.20925009,65.9204011,796.8915764,982.5114044,6.160311901,0
22.30027105,47.50845004,627.0336834,293.2262987,5.713601408,0
28.79344748,76.87168844,788.6862391,160.5107621,7.406805759,0
27.58833018,65.61109604,541.7238677,635.3626416,5.62045389,0
29.17181353,74.01138896,355.7250699,764.9800094,6.095300555,0
20.27165276,42.08364503,462.1975314,129.1991014,6.096132402,0
33.08185863,44.2396008,556.1365612,692.8458749,6.140802572,0
33.98177424,75.8161694,243.8489372,579.0626884,5.828573687,0
28.47699775,43.6042168,573.4059588,192.938508,7.066322862,0
30.44976236,43.56283639,788.7067021,255.2714893,5.744995724,0
33.83749072,40.60542376,314.0645899,611.1768676,6.769813318,1
30.60857951,87.82506991,675.5570698,366.7218522,5.747692053,0
22.28808564,76.87541797,744.7392763,944.4841558,5.641071275,0
28.6443254,57.66257043,766.2209557,836.8662065,7.318859007,0
29.1007257,54.82677906,776.0813626,985.2104859,5.880257533,0
26.36196007,57.48516149,512.8757832,333.7037551,7.142500309,0
31.04666353,78.73267656,786.3847448,972.7512695,6.589261742,0
34.01550522,73.06853055,654.3861243,488.1104828,5.655713039,0
33.88352769,49.25977839,297.0028617,412.7669158,7.410896383,1
26.76259057,48.70546677,486.1400639,145.3145743,5.993922334,0
21.69857069,44.91978249,630.9987052,147.4887321,7.219290691,0
34.77261798,73.01513599,348.4041895,722.8101304,5.837620012,0
32.5834713,78.21863311,584.3691101,512.136095,7.207885764,0
21.86994022,53.25232142,599.9602874,303.8694634,5.526457626,0
33.81262824,41.04724805,297.6198463,652.5732757,6.523560913,1
33.04844543,44.10858337,539.0511875,327.5723064,7.038885159,0
27.78257086,88.39300174,662.9761466,619.8685789,7.369591035,0
28.86913154,54.77223887,499.3373987,423.2878723,7.318404272,0
25.98504056,78.46115739,207.2618701,841.197004,7.139249739,0
20.82142458,71.23317844,205.4230814,838.6265447,7.276382699,0
25.02795862,59.09698198,414.2176064,529.6153583,5.898439372,0
32.04280173,50.28436311,755.7164411,415.7371984,6.068368591,0
20.06948035,46.06932091,337.2060678,426.3038169,6.07793705,0
25.00248758,70.7506484,580.6182133,825.1430731,6.254107862,0
25.9725304,78.73168903,333.2455224,395.3615345,6.286641341,0
28.06093404,72.19521268,393.0019938,288.1534363,6.589110649,0
33.79783425,66.51510666,708.8252538,176.2195077,5.819759527,0
25.19518992,42.09756117,637.3168654,520.0238088,6.882493328,0
25.20429803,88.42443888,257.2395664,533.918889,5.835133079,0
31.06251872,79.93570958,457.2212126,856.8178394,6.120616964,0
26.78326911,54.64110184,217.5018582,299.1148268,6.506690261,0
23.36907234,88.99851647,488.534088,442.8921463,7.092881123,0
26.78659274,70.09407948,597.460407,827.565165,6.978938466,0
22.11285531,69.12113291,271.1015742,841.2612497,6.791068713,0
22.6458048,77.40365897,373.3309633,446.1499684,5.811546521,0
27.47551659,80.5884894,438.7019753,513.211621,6.594090691,0
26.28388174,72.82393037,751.7186148,372.9573018,5.674893004,0
33.72268852,46.40478732,795.9530093,939.2993906,6.254726354,0
25.43590849,56.9133753,226.9467794,206.7793892,6.327033061,0
28.70882525,86.40418202,656.6047541,940.3744807,5.579622879,0
29.48396432,51.23078059,423.0344398,715.4798067,6.047976199,0
20.19641685,58.60835119,435.4749117,578.4149374,7.411298935,0
29.95306058,61.60384415,652.558984,129.3931547,7.407265216,0
22.6705395,61.97024948,751.0558593,528.0365726,6.204654109,0
34.41605476,70.64697912,770.5571567,466.9732945,5.586200218,0
22.22994092,87.15379189,546.2735516,245.0969308,5.858189879,0
26.21936186,52.03463559,414.2726956,690.7686432,6.284435587,0
21.28024502,46.07506882,672.5294515,974.0358166,7.395559396,0
34.95311378,49.87352449,350.60083,605.96993,5.782398127,1
27.53292515,84.34624501,538.4444173,743.2779488,7.027031687,0
28.93077526,72.29054063,415.1470769,161.6054073,5.717365079,0
21.00614716,54.29533946,593.9786442,475.9002962,7.462515155,0
31.24940706,80.79734695,344.2393477,204.7226366,6.263232998,0
23.1485839,83.06849982,314.9557674,651.516252,7.050469078,0
33.47081434,82.32571693,750.943452,944.6339424,6.185182166,0
23.07709461,85.94632668,261.0822098,695.5999592,6.755337754,0
22.86031581,52.61205101,503.5747446,169.1227435,5.884032169,0
20.54824502,77.75209644,332.5116698,419.1995845,5.792042039,0
27.08100418,63.02697486,223.357978,595.5970415,7.376128279,0
28.472617,82.09992764,221.611291,462.8869805,7.335294556,0
20.98562959,76.42453386,305.1330633,850.2796094,7.27493788,0
31.63291425,78.82237232,720.0622127,833.2039042,6.7508669,0
26.79933252,72.80809188,369.4872464,650.6479181,7.116536422,0
27.86585404,48.87143847,770.2755023,436.1121506,5.638073874,0
26.6114412,67.25134594,548.9733758,329.8027364,6.169578084,0
26.01144591,89.23348698,461.9685139,195.2868864,6.12740625,0
28.39460497,86.86940332,548.0533008,419.4079151,6.771290644,0
22.32860369,42.15868679,510.0190311,471.8552655,6.211915547,0
22.72892196,48.24074079,655.2657523,708.2406326,5.797013563,0
32.92678432,46.58643867,369.4976396,692.3438419,6.692934151,1
34.19173193,76.2989955,411.830235,163.0973257,7.128767841,0
25.59963974,80.88926649,736.4565815,455.7333839,6.264246989,0
24.0611701,50.67556832,767.8739079,263.6009805,5.76453743,0
29.65999315,65.29263465,735.5349365,241.1314348,5.893376395,0
26.13101257,82.0351514,451.6687964,844.5719348,5.97496661,0
20.38079533,76.64007724,668.2193018,137.723695,6.099795186,0
22.34228896,67.11186027,485.80144,477.2645883,6.785590141,0
30.73958343,69.51738452,498.5239113,251.3832902,6.701890969,0
29.88385913,65.41802735,322.8080654,891.3971941,6.892159723,0
20.40643989,54.87742257,554.678182,601.3364619,6.225003969,0
23.32958243,68.25109964,311.6815387,308.2425727,7.147995304,0
23.46612195,74.4442651,398.9388194,552.1845584,5.908175322,0
30.07839115,83.66614579,713.018121,758.3377237,6.438081495,0
20.29565807,71.8145677,324.2454855,962.306208,7.101877443,0
21.56162873,78.05607685,242.6949711,298.4014038,5.860317295,0
31.99874128,48.00358175,241.4045556,897.5635949,5.719726227,1
22.67816993,63.07787372,764.4707123,940.8737028,7.267367935,0
29.79119162,40.46658099,504.1522628,924.7784901,6.185859326,0
23.57274172,52.33394323,445.6472431,671.8729212,6.86774025,0
21.49162089,76.32308576,686.5271486,666.838589,5.550697209,0
23.64758286,89.59049757,701.4955567,462.8895699,6.880093777,0
30.83400398,44.95890498,399.3146199,777.1580941,6.132202623,1
32.83544702,60.07471579,616.1708345,578.1646165,5.611481707,0
32.45329797,80.00354843,662.6736895,709.6942641,6.719625523,0
25.95775294,50.20178173,592.7904121,485.6121135,5.981607632,0
30.02127705,67.75424747,290.9570449,758.3468176,6.273614484,0
23.07476443,76.6535648,725.5298501,842.0243658,5.661161625,0
24.39721595,70.79927251,523.4567316,231.7926309,5.794326502,0
33.44503728,49.40123673,369.4834558,849.636744,6.095954471,1
20.19502885,57.76922843,455.1369113,586.2668786,5.679519001,0
21.28262796,79.18958922,222.5426542,860.1993182,7.321652529,0
23.11829383,67.71132571,276.7200807,488.1715357,5.512094086,0
20.39798306,40.26148068,659.3280503,441.1364368,6.467720438,0
22.72153153,78.049538,200.0069809,923.5546593,5.746494916,0
28.74562341,41.76556775,449.9394971,326.0523408,6.115358179,0
26.32136826,77.28668914,513.5061087,859.7910928,7.35211912,0
33.39007567,50.12402801,232.780652,535.6185153,5.823389107,0
32.26165343,87.90367401,783.8468978,562.6858983,7.431664639,0
25.12726028,58.39703757,335.6751987,377.6214533,5.911588754,0
23.8913515,56.34658082,382.5192318,615.7379806,6.983132217,0
25.69538612,47.44440252,382.3655074,392.6900766,6.59335453,0
28.85442414,55.28021077,338.2499973,135.3424728,7.268957455,0
24.02095461,83.83253809,200.8842933,344.7987448,6.607986511,0
29.36223362,89.81671688,637.6068765,105.7411391,6.569118438,0
26.14117478,58.41547653,780.1072999,980.5193084,5.890916001,0
28.28070771,62.43053155,334.57609,969.1724888,5.832458724,0
26.54189794,76.10354691,597.8283151,455.6397677,7.332978302,0
24.41698639,84.30978902,645.1377962,755.5337689,6.155676398,0
34.2267996,69.65221671,709.0552275,411.2254886,6.24416451,0
31.45408691,59.57628491,453.5775182,703.9838414,7.019647317,0
22.10169764,60.63109204,381.7585434,824.8870387,6.177646965,0
33.02701964,74.78090732,395.1770804,952.0806202,7.404124893,0
27.31146797,40.16091318,627.5727999,460.1910483,6.975855538,0
33.4182834,70.97946687,690.0676799,804.9681847,6.694858485,0
31.99782884,57.77465052,308.9683807,339.3356056,7.261790321,0
26.37820257,79.70986656,422.5646049,991.2990734,5.599211817,0
20.33703962,44.64953199,741.164118,123.1926389,6.014125384,0
24.03016039,69.41011335,684.0161118,643.1759259,6.430072668,0
28.12451322,64.04864449,790.9150417,693.5553835,5.953957079,0
29.5021733,72.1162763,652.5489558,719.2410014,6.987810375,0
23.86831528,43.24267972,435.9171206,208.3488209,7.338416062,0
22.09034111,68.99918937,554.3827004,944.6768051,6.34754024,0
32.52395355,68.0742294,596.6085525,263.0649511,6.1842652,0
34.76603271,68.03300472,247.0734898,660.4780629,7.423101464,0
27.88535273,70.17438333,526.6981755,300.4084712,6.389704866,0
22.57518929,73.82339686,625.5924971,376.4947753,6.478096801,0
24.0846099,80.24944998,300.3927824,591.8126876,6.203299745,0
20.27586015,53.49103601,668.3790305,475.4740767,7.319096946,0
33.7144821,81.25247051,550.2636683,244.2030409,6.637910967,0
21.76626624,64.91278411,771.3330714,253.8427622,7.024349174,0
28.64774713,43.85291396,225.4533789,476.3303093,7.123613437,1
24.11082831,42.92754646,359.1956825,781.5546804,6.183698084,0
28.31267004,56.71191593,560.9323276,908.1681822,6.367388663,0
29.77130583,79.24484886,377.9359473,175.714896,7.196943549,0
32.44612706,75.38404674,628.6544984,453.7935168,6.226510703,0
23.09631908,79.43074823,655.4031695,190.2210074,7.087870267,0
20.16493743,65.86345282,261.5095784,114.9332326,7.381984645,0
22.05328445,62.0099499,508.3126785,695.5468144,6.746420746,0
33.50027963,47.37262634,505.3343334,642.2044978,6.983254575,0
33.10835116,56.40963768,421.5684621,246.7172024,7.110194624,0
28.96119653,61.70096831,759.7549175,310.4315498,7.190079298,0
29.00775291,44.43002148,696.5037919,121.3369783,6.290106676,0
29.97555012,51.03059764,618.3256291,851.4524851,5.602526918,0
22.63056918,69.9112647,628.5959814,977.2215364,6.303752542,0
33.71617919,76.78315571,477.0296863,221.9135831,6.84751246,0
26.28155787,89.91737557,752.5967127,308.3276924,6.400700772,0
25.74707792,86.65566657,616.7572564,881.5685716,6.997926302,0
27.78376558,72.12825998,637.388637,933.8174182,6.213964859,0
20.7044895,61.06240266,717.0145423,477.6646445,6.769488282,0
22.49425053,71.80886824,364.4429536,145.560225,5.87283961,0
31.07050425,79.2825809,684.2425423,135.4526503,6.998738873,0
21.24198002,45.91680955,317.1443618,616.5548795,6.591391938,0
29.04728164,60.49524448,407.2051713,453.605598,5.908128777,0
23.68023665,81.99011428,401.3662726,125.7871848,6.083822347,0
25.83943421,59.1916476,787.115281,624.9271531,6.997217417,0
24.33040605,68.59361356,713.9223342,110.1722829,6.465202471,0
25.33509075,69.38846804,620.701917,808.6347623,5.932062881,0
30.78568858,49.22381266,636.234057,375.7895404,7.434542381,0
24.45682573,58.11177208,537.2436766,136.2322027,6.93025004,0
28.4960696,56.72556444,768.2544003,629.5169989,7.414269665,0
27.14075603,41.30983543,497.7552517,457.915973,6.354210091,0
29.95506748,41.20958819,428.3106259,976.420372,6.450200681,0
34.05244609,81.58485218,297.8212022,589.7787963,7.295910432,0
30.98858146,53.6535405,671.7233914,347.7152629,6.55009868,0
23.22410568,65.90393831,640.6663592,738.4949782,6.914557824,0
20.46774703,54.93627868,430.6130231,344.3428023,6.004345755,0
23.93396066,87.03396226,215.1160484,913.8189623,6.393452937,0
28.92616896,52.96483794,703.3983966,437.2497735,5.746899732,0
20.7713872,61.48284064,206.8507901,594.8817065,5.911960072,0
27.44549371,83.63651252,622.2198678,145.5157934,5.501886831,0
28.95264273,82.09667834,782.1542658,483.5091142,5.578530103,0
25.01365836,49.30507089,462.5967969,849.1271857,7.454567646,0
31.56368306,80.13216549,340.984043,825.0839248,5.98470739,0
21.5989738,62.90934434,622.922606,301.886703,6.826621419,0
21.12706673,64.1484436,690.2768852,303.4711639,7.178199398,0
30.92283134,46.67399862,527.8581896,835.574781,6.601320918,0
27.43236974,44.03007569,780.2211652,937.3585782,5.806289,0
30.32603595,76.39696535,231.001233,185.8248291,6.956232875,0
26.52241008,64.82305762,502.877359,505.0527755,6.70050282,0
23.6960305,61.84253513,631.0723684,403.7088511,6.962501179,0
32.28653477,76.47541143,717.5842827,883.6196099,7.039493246,0
31.99123818,78.27564495,307.5533671,175.1724232,7.450820735,0
30.42044706,47.94540838,680.0020891,290.0133483,6.64712656,0
24.08217706,70.51125747,531.6242454,777.2215038,6.183282225,0
28.85346,46.76770411,437.9322092,146.1644641,6.796929114,0
25.41460845,77.5687543,279.0290171,543.2818426,5.636881418,0
21.3737311,72.84775781,719.1774553,497.8963312,7.294794637,0
33.75970363,87.83073105,294.3639249,400.9610611,5.738762023,0
22.05227946,43.44790082,385.8727155,455.1150838,6.155685676,0
34.25356031,42.85273606,374.0273192,576.9465282,7.131490761,1
26.69008659,54.10935373,722.8484205,245.2306225,6.694624757,0
